condition,profile,seed,run,seed_video_id,recommended_video_id
male_leaning_neutral_seed,profile2,neutral,1,YdiWTYkY1uY,Az3LtBz8G5M
male_leaning_neutral_seed,profile2,neutral,1,YdiWTYkY1uY,35ahPKGHO5s
male_leaning_neutral_seed,profile2,neutral,1,YdiWTYkY1uY,e_TxH59MclA
male_leaning_neutral_seed,profile2,neutral,1,YdiWTYkY1uY,yC-DDo3ESwA
male_leaning_neutral_seed,profile2,neutral,1,YdiWTYkY1uY,QMnEP2DYfmI
male_leaning_neutral_seed,profile2,neutral,1,YdiWTYkY1uY,D8A_Hu_WqeQ
male_leaning_neutral_seed,profile2,neutral,1,YdiWTYkY1uY,e8TJoYb-Cgc
male_leaning_neutral_seed,profile2,neutral,1,YdiWTYkY1uY,4SRvi1N1ouw
male_leaning_neutral_seed,profile2,neutral,1,YdiWTYkY1uY,V9e9RHCg22M
male_leaning_neutral_seed,profile2,neutral,1,YdiWTYkY1uY,-yOjy7MKNdA
male_leaning_neutral_seed,profile2,neutral,1,YdiWTYkY1uY,6GPnvbfVqBY
male_leaning_neutral_seed,profile2,neutral,1,YdiWTYkY1uY,nZvW71zWNwc
male_leaning_neutral_seed,profile2,neutral,1,YdiWTYkY1uY,J33nDgS3uUY
male_leaning_neutral_seed,profile2,neutral,1,YdiWTYkY1uY,3V6MvoEsoeQ
male_leaning_neutral_seed,profile2,neutral,1,YdiWTYkY1uY,ggNdMG0_oQo
male_leaning_neutral_seed,profile2,neutral,1,YdiWTYkY1uY,vX1uXE2TvVw
male_leaning_neutral_seed,profile2,neutral,1,YdiWTYkY1uY,AJU_mCq9JCA
male_leaning_neutral_seed,profile2,neutral,1,YdiWTYkY1uY,DDVkXdRlZBA
male_leaning_neutral_seed,profile2,neutral,1,YdiWTYkY1uY,6tmjXp_AYg0
male_leaning_neutral_seed,profile2,neutral,1,YdiWTYkY1uY,VRGFnhOpQU0
male_leaning_neutral_seed,profile2,neutral,1,YdiWTYkY1uY,3PdiEfWT8Cs
male_leaning_neutral_seed,profile2,neutral,2,YdiWTYkY1uY,Az3LtBz8G5M
male_leaning_neutral_seed,profile2,neutral,2,YdiWTYkY1uY,35ahPKGHO5s
male_leaning_neutral_seed,profile2,neutral,2,YdiWTYkY1uY,yC-DDo3ESwA
male_leaning_neutral_seed,profile2,neutral,2,YdiWTYkY1uY,QMnEP2DYfmI
male_leaning_neutral_seed,profile2,neutral,2,YdiWTYkY1uY,D8A_Hu_WqeQ
male_leaning_neutral_seed,profile2,neutral,2,YdiWTYkY1uY,e8TJoYb-Cgc
male_leaning_neutral_seed,profile2,neutral,2,YdiWTYkY1uY,FGvdNUgC5Kk
male_leaning_neutral_seed,profile2,neutral,2,YdiWTYkY1uY,-yOjy7MKNdA
male_leaning_neutral_seed,profile2,neutral,2,YdiWTYkY1uY,6GPnvbfVqBY
male_leaning_neutral_seed,profile2,neutral,2,YdiWTYkY1uY,nZvW71zWNwc
male_leaning_neutral_seed,profile2,neutral,2,YdiWTYkY1uY,J33nDgS3uUY
male_leaning_neutral_seed,profile2,neutral,2,YdiWTYkY1uY,3V6MvoEsoeQ
male_leaning_neutral_seed,profile2,neutral,2,YdiWTYkY1uY,Fb8p3P-qVHM
male_leaning_neutral_seed,profile2,neutral,2,YdiWTYkY1uY,HOkSXnKuwJc
male_leaning_neutral_seed,profile2,neutral,2,YdiWTYkY1uY,vX1uXE2TvVw
male_leaning_neutral_seed,profile2,neutral,2,YdiWTYkY1uY,90IxM5XRPAE
male_leaning_neutral_seed,profile2,neutral,2,YdiWTYkY1uY,AJU_mCq9JCA
male_leaning_neutral_seed,profile2,neutral,2,YdiWTYkY1uY,DDVkXdRlZBA
male_leaning_neutral_seed,profile2,neutral,2,YdiWTYkY1uY,3PdiEfWT8Cs
male_leaning_neutral_seed,profile2,neutral,2,YdiWTYkY1uY,qtakQ0wZ1E4
male_leaning_neutral_seed,profile2,neutral,2,YdiWTYkY1uY,ZNVlIMHS1sk
male_leaning_neutral_seed,profile2,neutral,3,YdiWTYkY1uY,Az3LtBz8G5M
male_leaning_neutral_seed,profile2,neutral,3,YdiWTYkY1uY,k71IoNg-Tk4
male_leaning_neutral_seed,profile2,neutral,3,YdiWTYkY1uY,djeSpYe4Rw8
male_leaning_neutral_seed,profile2,neutral,3,YdiWTYkY1uY,e_TxH59MclA
male_leaning_neutral_seed,profile2,neutral,3,YdiWTYkY1uY,yC-DDo3ESwA
male_leaning_neutral_seed,profile2,neutral,3,YdiWTYkY1uY,QMnEP2DYfmI
male_leaning_neutral_seed,profile2,neutral,3,YdiWTYkY1uY,dbAAd7Ks9yQ
male_leaning_neutral_seed,profile2,neutral,3,YdiWTYkY1uY,MtgyCorvy_s
male_leaning_neutral_seed,profile2,neutral,3,YdiWTYkY1uY,e8TJoYb-Cgc
male_leaning_neutral_seed,profile2,neutral,3,YdiWTYkY1uY,-yOjy7MKNdA
male_leaning_neutral_seed,profile2,neutral,3,YdiWTYkY1uY,6GPnvbfVqBY
male_leaning_neutral_seed,profile2,neutral,3,YdiWTYkY1uY,nZvW71zWNwc
male_leaning_neutral_seed,profile2,neutral,3,YdiWTYkY1uY,J33nDgS3uUY
male_leaning_neutral_seed,profile2,neutral,3,YdiWTYkY1uY,3V6MvoEsoeQ
male_leaning_neutral_seed,profile2,neutral,3,YdiWTYkY1uY,vX1uXE2TvVw
male_leaning_neutral_seed,profile2,neutral,3,YdiWTYkY1uY,DDVkXdRlZBA
male_leaning_neutral_seed,profile2,neutral,3,YdiWTYkY1uY,QN7BFBqZ6qo
male_leaning_neutral_seed,profile2,neutral,3,YdiWTYkY1uY,7neuKCCHlyU
male_leaning_neutral_seed,profile2,neutral,3,YdiWTYkY1uY,TfvhzthE9vU
male_leaning_neutral_seed,profile2,neutral,3,YdiWTYkY1uY,fze5s1SlqB8
male_leaning_neutral_seed,profile2,neutral,3,YdiWTYkY1uY,LuZV9kkzscg
male_leaning_neutral_seed,profile2,neutral,4,YdiWTYkY1uY,-HwQIIVnpOg
male_leaning_neutral_seed,profile2,neutral,4,YdiWTYkY1uY,17PXpV3zFs8
male_leaning_neutral_seed,profile2,neutral,4,YdiWTYkY1uY,djeSpYe4Rw8
male_leaning_neutral_seed,profile2,neutral,4,YdiWTYkY1uY,e_TxH59MclA
male_leaning_neutral_seed,profile2,neutral,4,YdiWTYkY1uY,2HhSCiMUpQ8
male_leaning_neutral_seed,profile2,neutral,4,YdiWTYkY1uY,yC-DDo3ESwA
male_leaning_neutral_seed,profile2,neutral,4,YdiWTYkY1uY,Srbv91lT1qI
male_leaning_neutral_seed,profile2,neutral,4,YdiWTYkY1uY,icdHpEaqKMQ
male_leaning_neutral_seed,profile2,neutral,4,YdiWTYkY1uY,D8A_Hu_WqeQ
male_leaning_neutral_seed,profile2,neutral,4,YdiWTYkY1uY,p0o679-N9DI
male_leaning_neutral_seed,profile2,neutral,4,YdiWTYkY1uY,6GPnvbfVqBY
male_leaning_neutral_seed,profile2,neutral,4,YdiWTYkY1uY,1QwPt9YsnOE
male_leaning_neutral_seed,profile2,neutral,4,YdiWTYkY1uY,J33nDgS3uUY
male_leaning_neutral_seed,profile2,neutral,4,YdiWTYkY1uY,AJU_mCq9JCA
male_leaning_neutral_seed,profile2,neutral,4,YdiWTYkY1uY,1CIUhyNtTfg
male_leaning_neutral_seed,profile2,neutral,4,YdiWTYkY1uY,Gn4SElwnssA
male_leaning_neutral_seed,profile2,neutral,4,YdiWTYkY1uY,NljSnaZ2WiY
male_leaning_neutral_seed,profile2,neutral,4,YdiWTYkY1uY,jsz6vXW77yc
male_leaning_neutral_seed,profile2,neutral,4,YdiWTYkY1uY,gmIwxqdwgrI
male_leaning_neutral_seed,profile2,neutral,5,YdiWTYkY1uY,Az3LtBz8G5M
male_leaning_neutral_seed,profile2,neutral,5,YdiWTYkY1uY,t3rKrTehORY
male_leaning_neutral_seed,profile2,neutral,5,YdiWTYkY1uY,djeSpYe4Rw8
male_leaning_neutral_seed,profile2,neutral,5,YdiWTYkY1uY,e_TxH59MclA
male_leaning_neutral_seed,profile2,neutral,5,YdiWTYkY1uY,yC-DDo3ESwA
male_leaning_neutral_seed,profile2,neutral,5,YdiWTYkY1uY,Srbv91lT1qI
male_leaning_neutral_seed,profile2,neutral,5,YdiWTYkY1uY,wNER0JGw2-g
male_leaning_neutral_seed,profile2,neutral,5,YdiWTYkY1uY,MtgyCorvy_s
male_leaning_neutral_seed,profile2,neutral,5,YdiWTYkY1uY,e8TJoYb-Cgc
male_leaning_neutral_seed,profile2,neutral,5,YdiWTYkY1uY,6qyCBKr0ZAM
male_leaning_neutral_seed,profile2,neutral,5,YdiWTYkY1uY,-yOjy7MKNdA
male_leaning_neutral_seed,profile2,neutral,5,YdiWTYkY1uY,6GPnvbfVqBY
male_leaning_neutral_seed,profile2,neutral,5,YdiWTYkY1uY,nZvW71zWNwc
male_leaning_neutral_seed,profile2,neutral,5,YdiWTYkY1uY,3V6MvoEsoeQ
male_leaning_neutral_seed,profile2,neutral,5,YdiWTYkY1uY,ZUJJdeByJa0
male_leaning_neutral_seed,profile2,neutral,5,YdiWTYkY1uY,vX1uXE2TvVw
male_leaning_neutral_seed,profile2,neutral,5,YdiWTYkY1uY,DDVkXdRlZBA
male_leaning_neutral_seed,profile2,neutral,5,YdiWTYkY1uY,QN7BFBqZ6qo
male_leaning_neutral_seed,profile2,neutral,5,YdiWTYkY1uY,TfvhzthE9vU
male_leaning_neutral_seed,profile2,neutral,5,YdiWTYkY1uY,fze5s1SlqB8
male_leaning_neutral_seed,profile2,neutral,5,YdiWTYkY1uY,LuZV9kkzscg
male_leaning_neutral_seed,profile2,neutral,6,YdiWTYkY1uY,Az3LtBz8G5M
male_leaning_neutral_seed,profile2,neutral,6,YdiWTYkY1uY,5kTyOImdq90
male_leaning_neutral_seed,profile2,neutral,6,YdiWTYkY1uY,9UmAHufIupc
male_leaning_neutral_seed,profile2,neutral,6,YdiWTYkY1uY,djeSpYe4Rw8
male_leaning_neutral_seed,profile2,neutral,6,YdiWTYkY1uY,e_TxH59MclA
male_leaning_neutral_seed,profile2,neutral,6,YdiWTYkY1uY,yC-DDo3ESwA
male_leaning_neutral_seed,profile2,neutral,6,YdiWTYkY1uY,MtgyCorvy_s
male_leaning_neutral_seed,profile2,neutral,6,YdiWTYkY1uY,-yOjy7MKNdA
male_leaning_neutral_seed,profile2,neutral,6,YdiWTYkY1uY,6GPnvbfVqBY
male_leaning_neutral_seed,profile2,neutral,6,YdiWTYkY1uY,nZvW71zWNwc
male_leaning_neutral_seed,profile2,neutral,6,YdiWTYkY1uY,3V6MvoEsoeQ
male_leaning_neutral_seed,profile2,neutral,6,YdiWTYkY1uY,Lgw2slDfx9Q
male_leaning_neutral_seed,profile2,neutral,6,YdiWTYkY1uY,ZUJJdeByJa0
male_leaning_neutral_seed,profile2,neutral,6,YdiWTYkY1uY,vX1uXE2TvVw
male_leaning_neutral_seed,profile2,neutral,6,YdiWTYkY1uY,DDVkXdRlZBA
male_leaning_neutral_seed,profile2,neutral,6,YdiWTYkY1uY,QN7BFBqZ6qo
male_leaning_neutral_seed,profile2,neutral,6,YdiWTYkY1uY,JrGMgc7wjvU
male_leaning_neutral_seed,profile2,neutral,6,YdiWTYkY1uY,qtakQ0wZ1E4
male_leaning_neutral_seed,profile2,neutral,6,YdiWTYkY1uY,TfvhzthE9vU
male_leaning_neutral_seed,profile2,neutral,6,YdiWTYkY1uY,LuZV9kkzscg
male_leaning_neutral_seed,profile2,neutral,6,YdiWTYkY1uY,-yjGHHt1Jm8
male_leaning_neutral_seed,profile2,neutral,7,YdiWTYkY1uY,9UmAHufIupc
male_leaning_neutral_seed,profile2,neutral,7,YdiWTYkY1uY,xAcvIhbItb4
male_leaning_neutral_seed,profile2,neutral,7,YdiWTYkY1uY,djeSpYe4Rw8
male_leaning_neutral_seed,profile2,neutral,7,YdiWTYkY1uY,yC-DDo3ESwA
male_leaning_neutral_seed,profile2,neutral,7,YdiWTYkY1uY,kQAs6qw68Ug
male_leaning_neutral_seed,profile2,neutral,7,YdiWTYkY1uY,wNER0JGw2-g
male_leaning_neutral_seed,profile2,neutral,7,YdiWTYkY1uY,MtgyCorvy_s
male_leaning_neutral_seed,profile2,neutral,7,YdiWTYkY1uY,-yOjy7MKNdA
male_leaning_neutral_seed,profile2,neutral,7,YdiWTYkY1uY,6GPnvbfVqBY
male_leaning_neutral_seed,profile2,neutral,7,YdiWTYkY1uY,J33nDgS3uUY
male_leaning_neutral_seed,profile2,neutral,7,YdiWTYkY1uY,3V6MvoEsoeQ
male_leaning_neutral_seed,profile2,neutral,7,YdiWTYkY1uY,ZUJJdeByJa0
male_leaning_neutral_seed,profile2,neutral,7,YdiWTYkY1uY,vX1uXE2TvVw
male_leaning_neutral_seed,profile2,neutral,7,YdiWTYkY1uY,DDVkXdRlZBA
male_leaning_neutral_seed,profile2,neutral,7,YdiWTYkY1uY,QN7BFBqZ6qo
male_leaning_neutral_seed,profile2,neutral,7,YdiWTYkY1uY,6tmjXp_AYg0
male_leaning_neutral_seed,profile2,neutral,7,YdiWTYkY1uY,JrGMgc7wjvU
male_leaning_neutral_seed,profile2,neutral,7,YdiWTYkY1uY,TfvhzthE9vU
male_leaning_neutral_seed,profile2,neutral,7,YdiWTYkY1uY,fze5s1SlqB8
male_leaning_neutral_seed,profile2,neutral,7,YdiWTYkY1uY,LuZV9kkzscg
male_leaning_neutral_seed,profile2,neutral,7,YdiWTYkY1uY,2mh_ZICm-EU
male_leaning_neutral_seed,profile2,neutral,8,YdiWTYkY1uY,9UmAHufIupc
male_leaning_neutral_seed,profile2,neutral,8,YdiWTYkY1uY,xAcvIhbItb4
male_leaning_neutral_seed,profile2,neutral,8,YdiWTYkY1uY,djeSpYe4Rw8
male_leaning_neutral_seed,profile2,neutral,8,YdiWTYkY1uY,e_TxH59MclA
male_leaning_neutral_seed,profile2,neutral,8,YdiWTYkY1uY,yC-DDo3ESwA
male_leaning_neutral_seed,profile2,neutral,8,YdiWTYkY1uY,kQAs6qw68Ug
male_leaning_neutral_seed,profile2,neutral,8,YdiWTYkY1uY,wNER0JGw2-g
male_leaning_neutral_seed,profile2,neutral,8,YdiWTYkY1uY,sBkmKu4Acog
male_leaning_neutral_seed,profile2,neutral,8,YdiWTYkY1uY,MtgyCorvy_s
male_leaning_neutral_seed,profile2,neutral,8,YdiWTYkY1uY,-yOjy7MKNdA
male_leaning_neutral_seed,profile2,neutral,8,YdiWTYkY1uY,6GPnvbfVqBY
male_leaning_neutral_seed,profile2,neutral,8,YdiWTYkY1uY,3V6MvoEsoeQ
male_leaning_neutral_seed,profile2,neutral,8,YdiWTYkY1uY,Lgw2slDfx9Q
male_leaning_neutral_seed,profile2,neutral,8,YdiWTYkY1uY,ZUJJdeByJa0
male_leaning_neutral_seed,profile2,neutral,8,YdiWTYkY1uY,vX1uXE2TvVw
male_leaning_neutral_seed,profile2,neutral,8,YdiWTYkY1uY,DDVkXdRlZBA
male_leaning_neutral_seed,profile2,neutral,8,YdiWTYkY1uY,QN7BFBqZ6qo
male_leaning_neutral_seed,profile2,neutral,8,YdiWTYkY1uY,Fiq9XMRr4jg
male_leaning_neutral_seed,profile2,neutral,8,YdiWTYkY1uY,JrGMgc7wjvU
male_leaning_neutral_seed,profile2,neutral,8,YdiWTYkY1uY,TfvhzthE9vU
male_leaning_neutral_seed,profile2,neutral,8,YdiWTYkY1uY,LuZV9kkzscg
male_leaning_neutral_seed,profile2,neutral,9,YdiWTYkY1uY,Az3LtBz8G5M
male_leaning_neutral_seed,profile2,neutral,9,YdiWTYkY1uY,9UmAHufIupc
male_leaning_neutral_seed,profile2,neutral,9,YdiWTYkY1uY,xAcvIhbItb4
male_leaning_neutral_seed,profile2,neutral,9,YdiWTYkY1uY,djeSpYe4Rw8
male_leaning_neutral_seed,profile2,neutral,9,YdiWTYkY1uY,e_TxH59MclA
male_leaning_neutral_seed,profile2,neutral,9,YdiWTYkY1uY,yC-DDo3ESwA
male_leaning_neutral_seed,profile2,neutral,9,YdiWTYkY1uY,kQAs6qw68Ug
male_leaning_neutral_seed,profile2,neutral,9,YdiWTYkY1uY,wNER0JGw2-g
male_leaning_neutral_seed,profile2,neutral,9,YdiWTYkY1uY,sBkmKu4Acog
male_leaning_neutral_seed,profile2,neutral,9,YdiWTYkY1uY,MtgyCorvy_s
male_leaning_neutral_seed,profile2,neutral,9,YdiWTYkY1uY,-yOjy7MKNdA
male_leaning_neutral_seed,profile2,neutral,9,YdiWTYkY1uY,6GPnvbfVqBY
male_leaning_neutral_seed,profile2,neutral,9,YdiWTYkY1uY,3V6MvoEsoeQ
male_leaning_neutral_seed,profile2,neutral,9,YdiWTYkY1uY,Lgw2slDfx9Q
male_leaning_neutral_seed,profile2,neutral,9,YdiWTYkY1uY,ZUJJdeByJa0
male_leaning_neutral_seed,profile2,neutral,9,YdiWTYkY1uY,vX1uXE2TvVw
male_leaning_neutral_seed,profile2,neutral,9,YdiWTYkY1uY,DDVkXdRlZBA
male_leaning_neutral_seed,profile2,neutral,9,YdiWTYkY1uY,QN7BFBqZ6qo
male_leaning_neutral_seed,profile2,neutral,9,YdiWTYkY1uY,TfvhzthE9vU
male_leaning_neutral_seed,profile2,neutral,9,YdiWTYkY1uY,Hz2F_S3Tl0Y
male_leaning_neutral_seed,profile2,neutral,9,YdiWTYkY1uY,LuZV9kkzscg
male_leaning_neutral_seed,profile2,neutral,10,YdiWTYkY1uY,jNQXAC9IVRw
male_leaning_neutral_seed,profile2,neutral,10,YdiWTYkY1uY,9UmAHufIupc
male_leaning_neutral_seed,profile2,neutral,10,YdiWTYkY1uY,xAcvIhbItb4
male_leaning_neutral_seed,profile2,neutral,10,YdiWTYkY1uY,e_TxH59MclA
male_leaning_neutral_seed,profile2,neutral,10,YdiWTYkY1uY,yC-DDo3ESwA
male_leaning_neutral_seed,profile2,neutral,10,YdiWTYkY1uY,kQAs6qw68Ug
male_leaning_neutral_seed,profile2,neutral,10,YdiWTYkY1uY,wNER0JGw2-g
male_leaning_neutral_seed,profile2,neutral,10,YdiWTYkY1uY,MtgyCorvy_s
male_leaning_neutral_seed,profile2,neutral,10,YdiWTYkY1uY,e8TJoYb-Cgc
male_leaning_neutral_seed,profile2,neutral,10,YdiWTYkY1uY,-yOjy7MKNdA
male_leaning_neutral_seed,profile2,neutral,10,YdiWTYkY1uY,6GPnvbfVqBY
male_leaning_neutral_seed,profile2,neutral,10,YdiWTYkY1uY,3V6MvoEsoeQ
male_leaning_neutral_seed,profile2,neutral,10,YdiWTYkY1uY,Lgw2slDfx9Q
male_leaning_neutral_seed,profile2,neutral,10,YdiWTYkY1uY,ZUJJdeByJa0
male_leaning_neutral_seed,profile2,neutral,10,YdiWTYkY1uY,PP7xv_Y8FOE
male_leaning_neutral_seed,profile2,neutral,10,YdiWTYkY1uY,vX1uXE2TvVw
male_leaning_neutral_seed,profile2,neutral,10,YdiWTYkY1uY,DDVkXdRlZBA
male_leaning_neutral_seed,profile2,neutral,10,YdiWTYkY1uY,QN7BFBqZ6qo
male_leaning_neutral_seed,profile2,neutral,10,YdiWTYkY1uY,JrGMgc7wjvU
male_leaning_neutral_seed,profile2,neutral,10,YdiWTYkY1uY,TfvhzthE9vU
male_leaning_neutral_seed,profile2,neutral,10,YdiWTYkY1uY,LuZV9kkzscg
